Date,Name,Year,Letterboxd URI
2022-01-18,Get Out,2017,https://boxd.it/eOCm
2022-01-18,Fight Club,1999,https://boxd.it/2a9q
2022-01-18,Lady Bird,2017,https://boxd.it/dGNE
2022-01-18,Baby Driver,2017,https://boxd.it/bhF2
2022-01-18,Inglourious Basterds,2009,https://boxd.it/1JzG
2022-01-18,Gone Girl,2014,https://boxd.it/6hQu
2022-01-18,Jojo Rabbit,2019,https://boxd.it/iEBG
2022-01-18,Arrival,2016,https://boxd.it/aNGk
2022-01-18,Little Women,2019,https://boxd.it/aSVk
2022-01-18,Django Unchained,2012,https://boxd.it/2cCk
2022-01-18,Mad Max: Fury Road,2015,https://boxd.it/2DjO
2022-01-18,The Lighthouse,2019,https://boxd.it/icFU
2022-01-18,Blade Runner 2049,2017,https://boxd.it/b8wK
2022-01-18,No Country for Old Men,2007,https://boxd.it/21ew
2022-01-18,The Shape of Water,2017,https://boxd.it/dZ5m
2022-01-18,Blade Runner,1982,https://boxd.it/2bcA
2022-01-18,Reservoir Dogs,1992,https://boxd.it/2agc
2022-01-18,Logan,2017,https://boxd.it/7Piy
2022-01-18,The Revenant,2015,https://boxd.it/8H5e
2022-01-18,The Suicide Squad,2021,https://boxd.it/fw6O
2022-01-18,My Neighbor Totoro,1988,https://boxd.it/20eA
2022-01-18,Requiem for a Dream,2000,https://boxd.it/29VI
2022-01-18,Ferris Bueller's Day Off,1986,https://boxd.it/1YPY
2022-01-18,Roma,2018,https://boxd.it/f69M
2022-01-18,Scarface,1983,https://boxd.it/2b7g
2022-01-18,The Green Knight,2021,https://boxd.it/kuy2
2022-01-18,Brokeback Mountain,2005,https://boxd.it/2b2q
2022-01-18,Clueless,1995,https://boxd.it/1Ygk
2022-01-18,"tick, tick... BOOM!",2021,https://boxd.it/jz2e
2022-01-18,The Devil Wears Prada,2006,https://boxd.it/2awE
2022-01-18,Full Metal Jacket,1987,https://boxd.it/2a1Q
2022-01-18,Sorry to Bother You,2018,https://boxd.it/f21E
2022-01-18,Green Book,2018,https://boxd.it/hErk
2022-01-18,Groundhog Day,1993,https://boxd.it/2b3e
2022-01-18,Magnolia,1999,https://boxd.it/2aze
2022-01-18,The Disaster Artist,2017,https://boxd.it/cTqc
2022-01-18,Akira,1988,https://boxd.it/2b1i
2022-01-18,Kiki's Delivery Service,1989,https://boxd.it/1JAY
2022-01-18,The Theory of Everything,2014,https://boxd.it/7YtA
2022-01-18,Licorice Pizza,2021,https://boxd.it/qTKY
2022-01-18,Jackie Brown,1997,https://boxd.it/2aVO
2022-01-18,Slumdog Millionaire,2008,https://boxd.it/1S3E
2022-01-18,Legally Blonde,2001,https://boxd.it/1ZNa
2022-01-18,Grease,1978,https://boxd.it/29YW
2022-01-18,The Iron Giant,1999,https://boxd.it/1Wow
2022-01-18,Snatch,2000,https://boxd.it/2b7U
2022-01-18,Moneyball,2011,https://boxd.it/glS
2022-01-18,Hunt for the Wilderpeople,2016,https://boxd.it/cTgG
2022-01-18,Paddington 2,2017,https://boxd.it/bCF8
2022-01-18,Paddington,2014,https://boxd.it/3RKw
2022-01-18,Gangs of New York,2002,https://boxd.it/25FG
2022-01-18,Sunset Boulevard,1950,https://boxd.it/2a20
2022-01-18,Fear and Loathing in Las Vegas,1998,https://boxd.it/27Xs
2022-01-18,Vice,2018,https://boxd.it/fcFY
2022-01-18,Honey Boy,2019,https://boxd.it/ixvm
2022-01-18,The 40 Year Old Virgin,2005,https://boxd.it/21hK
2022-01-18,300,2006,https://boxd.it/28XI
2022-01-18,Castle in the Sky,1986,https://boxd.it/1W4G
2022-12-11,Tokyo Story,1953,https://boxd.it/1HuY
2022-12-11,Seven Samurai,1954,https://boxd.it/2axi
2022-12-12,Wild Strawberries,1957,https://boxd.it/29ZU
2022-12-13,Guillermo del Toro's Pinocchio,2022,https://boxd.it/kjMW
2022-12-13,In the Mood for Love,2000,https://boxd.it/29tE
2022-12-14,"I, Tonya",2017,https://boxd.it/dzR0
2022-12-14,We're All Going to the World's Fair,2021,https://boxd.it/tbmY
2022-12-16,La Haine,1995,https://boxd.it/2as8
2022-12-16,Mulholland Drive,2001,https://boxd.it/297o
2022-12-16,Blue Velvet,1986,https://boxd.it/29BI
2022-12-24,Beau Is Afraid,2023,https://boxd.it/u2gE
2022-12-26,The Face of Another,1966,https://boxd.it/1nso
2022-12-28,Black Swan,2010,https://boxd.it/Sw0
2022-12-30,Mukhsin,2006,https://boxd.it/3ZH6
2022-12-30,Memories of Matsuko,2006,https://boxd.it/1iVU
2022-12-30,Voices in the Wind,2020,https://boxd.it/nxZw
2022-12-31,There Will Be Blood,2007,https://boxd.it/20Z2
2022-12-31,What Happened Was...,1994,https://boxd.it/2WAk
2023-01-02,Suspiria,1977,https://boxd.it/1SNW
2023-01-04,The Virgin Suicides,1999,https://boxd.it/28JG
2023-01-06,The Princess Bride,1987,https://boxd.it/26EY
2023-01-16,Broker,2022,https://boxd.it/rDUU
2023-01-20,Anand,1971,https://boxd.it/1uhM
2023-01-20,Paterson,2016,https://boxd.it/cRk2
2023-01-22,"Synecdoche, New York",2008,https://boxd.it/23zw
2023-01-22,Triangle of Sadness,2022,https://boxd.it/hXlq
2023-01-27,One Day in the Life of Andrei Arsenevich,1999,https://boxd.it/4pJs
2023-01-27,Andrei Rublev,1966,https://boxd.it/29lg
2023-01-29,The Blues Brothers,1980,https://boxd.it/2adi
2023-02-03,The Science of Sleep,2006,https://boxd.it/2aEe
2023-02-05,The House That Jack Built,2018,https://boxd.it/dWO4
2023-02-20,Basquiat,1996,https://boxd.it/2a9A
2023-03-06,Ice Merchants,2022,https://boxd.it/Arx8
2023-03-26,Titane,2021,https://boxd.it/nlQC
2023-03-26,Kinds of Kindness,2024,https://boxd.it/CWPw
2023-03-27,Mirror,1975,https://boxd.it/28Q8
2023-03-30,Amour,2012,https://boxd.it/34Q6
2023-03-30,Zero Dark Thirty,2012,https://boxd.it/3n1w
2023-04-05,Amélie,2001,https://boxd.it/2aUc
2023-04-09,Under the Silver Lake,2018,https://boxd.it/dSAs
2023-04-12,Poetry,2010,https://boxd.it/JAs
2023-04-15,Kuroneko,1968,https://boxd.it/12mE
2023-04-16,Crooks in Clover,1963,https://boxd.it/1w7E
2023-04-19,Waves,2019,https://boxd.it/jpmy
2023-04-20,PlayTime,1967,https://boxd.it/1WLK
2023-04-20,Midnight in Paris,2011,https://boxd.it/i4a
2023-04-24,Slacker,1990,https://boxd.it/1OUu
2023-05-06,Rye Lane,2023,https://boxd.it/DIyy
2023-05-09,Blue,2002,https://boxd.it/3q1k
2023-05-19,Cure,1997,https://boxd.it/1blA
2023-05-19,Antichrist,2009,https://boxd.it/1Inu
2023-05-19,High Life,2018,https://boxd.it/d6bk
2023-05-19,The Handmaiden,2016,https://boxd.it/948A
2023-05-19,Enter the Void,2009,https://boxd.it/1dy2
2023-05-19,Breaking the Waves,1996,https://boxd.it/2b1W
2023-05-19,Face/Off,1997,https://boxd.it/29I0
2023-05-19,Dogville,2003,https://boxd.it/2a8W
2023-05-20,Only God Forgives,2013,https://boxd.it/2HBs
2023-05-20,Collateral,2004,https://boxd.it/28F0
2023-05-20,"Night Is Short, Walk On Girl",2017,https://boxd.it/ffwA
2023-06-01,Detachment,2011,https://boxd.it/2BiY
2023-06-04,Vive L'Amour,1994,https://boxd.it/2wsa
2023-06-05,Come and See,1985,https://boxd.it/1w9q
2023-06-06,Laundry,2002,https://boxd.it/1rky
2023-06-07,Cinema Paradiso,1988,https://boxd.it/1UlA
2023-06-20,Recep Ivedik,2008,https://boxd.it/1jX8
2023-06-21,My Dinner with Andre,1981,https://boxd.it/1vLe
2023-06-23,Natural Born Killers,1994,https://boxd.it/2aNg
2023-06-23,The Holy Mountain,1973,https://boxd.it/20mu
2023-06-29,Downtown '81,2000,https://boxd.it/1tCk
2023-07-01,The Green Ray,1986,https://boxd.it/t8W
2023-07-01,Kung Fu Hustle,2004,https://boxd.it/1YBi
2023-07-03,The Boys from Fengkuei,1983,https://boxd.it/3Ag0
2023-07-03,A Brighter Summer Day,1991,https://boxd.it/1Luy
2023-07-08,Uncle Boonmee Who Can Recall His Past Lives,2010,https://boxd.it/168Q
2023-07-08,Ghost in the Shell,1995,https://boxd.it/1YYc
2023-07-10,Memento,2000,https://boxd.it/2bcK
2023-07-12,A Good Marriage,1982,https://boxd.it/26aE
2023-07-13,Still Walking,2008,https://boxd.it/1wvm
2023-07-16,After Life,1998,https://boxd.it/1HMI
2023-07-17,Fargo,1996,https://boxd.it/2aHM
2023-07-18,Serpico,1973,https://boxd.it/1ZjE
2023-07-18,Holy Spider,2022,https://boxd.it/xBn2
2023-07-18,Cléo from 5 to 7,1962,https://boxd.it/2agm
2023-07-20,Chidambaram,1985,https://boxd.it/7Sd2
2023-07-21,Knight of Cups,2015,https://boxd.it/34Qq
2023-07-21,Snakes on a Plane,2006,https://boxd.it/2aAw
2023-07-21,Come Here,2021,https://boxd.it/tVqC
2023-07-22,A Separation,2011,https://boxd.it/gvo
2023-07-22,The Florida Project,2017,https://boxd.it/dMG0
2023-07-22,Ode to Nothing,2018,https://boxd.it/kg5K
2023-07-26,Pi,1998,https://boxd.it/2ajq
2023-07-26,The Hustler,1961,https://boxd.it/298G
2023-07-26,The Little Mermaid,1968,https://boxd.it/3b86
2023-07-27,Good Morning,1959,https://boxd.it/2lkk
2023-07-27,The Cloud-Capped Star,1960,https://boxd.it/ix2
2023-07-27,Eyes Wide Shut,1999,https://boxd.it/2axs
2023-07-28,Blow Out,1981,https://boxd.it/1TlE
2023-07-29,Rashomon,1950,https://boxd.it/2a9K
2023-07-29,Paths of Glory,1957,https://boxd.it/29b6
2023-07-29,Network,1976,https://boxd.it/1VqG
2023-07-29,Suzaku,1997,https://boxd.it/19yC
2023-08-07,The Living End,1992,https://boxd.it/1fRA
2023-08-08,Summer of 84,2018,https://boxd.it/gQYe
2023-08-11,Paper Moon,1973,https://boxd.it/1Ud2
2023-08-11,Chef,2014,https://boxd.it/6lCG
2023-08-13,8½,1963,https://boxd.it/2aqm
2023-08-18,Big Fish,2003,https://boxd.it/2a3M
2023-08-19,The Meyerowitz Stories (New and Selected),2017,https://boxd.it/dSp0
2023-08-21,AGGRO DR1FT,2023,https://boxd.it/HJrw
2023-08-31,Ex Machina,2015,https://boxd.it/7T2k
2023-09-06,The Laughing Woman,1969,https://boxd.it/3rYW
2023-09-06,The Killing of a Sacred Deer,2017,https://boxd.it/dZ5G
2023-09-09,The Boy and the Heron,2023,https://boxd.it/ipeM
2023-09-10,Ran,1985,https://boxd.it/1Tlu
2023-09-11,Close-Up,1990,https://boxd.it/1m9q
2023-09-16,The Talented Mr. Ripley,1999,https://boxd.it/2924
2023-09-16,A Room with a View,1986,https://boxd.it/1UfC
2023-09-16,Dream Scenario,2023,https://boxd.it/v2h0
2023-09-17,The Killing of Two Lovers,2020,https://boxd.it/oiN8
2023-09-23,"Paris, Texas",1984,https://boxd.it/29Ts
2023-09-24,Fireworks,1997,https://boxd.it/22mQ
2023-09-24,Tune in for Love,2019,https://boxd.it/kVUO
2023-09-25,Hunger,2023,https://boxd.it/ExzM
2023-09-25,Frances Ha,2012,https://boxd.it/41Xg
2023-09-25,A Few Good Men,1992,https://boxd.it/29nw
2023-09-30,George Harrison: Living in the Material World,2011,https://boxd.it/RWdM
2023-10-06,The Accountant,2016,https://boxd.it/9EhI
2023-10-09,Graduate First,1978,https://boxd.it/9oK
2023-10-09,Old Joy,2006,https://boxd.it/1tIW
2023-10-10,Sleep,2023,https://boxd.it/Aqmo
2023-10-14,Fearless Hyena,1979,https://boxd.it/1Fnw
2023-10-14,Drunken Master,1978,https://boxd.it/1Ujk
2023-10-14,The Color of Pomegranates,1969,https://boxd.it/1u94
2023-10-15,Final Cut: Ladies and Gentlemen,2012,https://boxd.it/491E
2023-10-15,Ip Man,2008,https://boxd.it/1NrQ
2023-10-15,Dekalog,1989,https://boxd.it/bv4u
2023-10-16,10 Things I Hate About You,1999,https://boxd.it/23AO
2023-10-16,Treasure Planet,2002,https://boxd.it/1Znm
2023-10-16,Humboldt County,2008,https://boxd.it/1Ova
2023-10-16,Atlantis: The Lost Empire,2001,https://boxd.it/1Vck
2023-10-17,King Kong,2005,https://boxd.it/2aLa
2023-10-19,May December,2023,https://boxd.it/vEE2
2023-10-28,Pearl,2022,https://boxd.it/zPbe
2023-11-02,The Umbrellas of Cherbourg,1964,https://boxd.it/22fK
2023-11-08,Real Genius,1985,https://boxd.it/1OeI
2023-11-11,Dreams,1990,https://boxd.it/1ROu
2023-11-11,No No Sleep,2015,https://boxd.it/bk7i
2023-11-14,Badlands,1973,https://boxd.it/25Fm
2023-11-16,Hiroshima Mon Amour,1959,https://boxd.it/22WY
2023-11-22,Dev.D,2009,https://boxd.it/1L5I
2023-11-23,Incendies,2010,https://boxd.it/Msm
2023-11-23,Napoleon,1927,https://boxd.it/WEC
2023-11-23,It's Such a Beautiful Day,2012,https://boxd.it/hCY2
2023-11-28,"O Brother, Where Art Thou?",2000,https://boxd.it/2b3I
2023-11-29,Love Letter,1995,https://boxd.it/LMA
2023-12-01,Where Is the Friend's House?,1987,https://boxd.it/ELg
2023-12-02,A Woman Is a Woman,1961,https://boxd.it/1iUC
2023-12-05,Poor Things,2023,https://boxd.it/tNWU
2023-12-06,Maestro,2023,https://boxd.it/j0DE
2023-12-14,Italianamerican,1974,https://boxd.it/3deg
2023-12-18,Asako I & II,2018,https://boxd.it/hyNk
2023-12-21,Sin City,2005,https://boxd.it/2aVk
2023-12-21,Lawrence of Arabia,1962,https://boxd.it/2wRE
2023-12-23,A Short Story,2022,https://boxd.it/zDD6
2024-01-04,Stalker,1979,https://boxd.it/28PO
2024-01-07,Pierrot le Fou,1965,https://boxd.it/26j2
2024-01-08,Waking Life,2001,https://boxd.it/1Zdc
2024-01-08,The Tree of Life,2011,https://boxd.it/1Zu8
2024-01-08,The Seventh Seal,1957,https://boxd.it/2ahO
2024-01-08,The Fountain,2006,https://boxd.it/28RU
2024-01-09,Society of the Snow,2023,https://boxd.it/y9aw
2024-01-12,Altered States,1980,https://boxd.it/1TBi
2024-01-14,Black Girl,1966,https://boxd.it/3jIQ
2024-01-22,Love Me,2024,https://boxd.it/xgoe
2024-01-25,Almost Famous,2000,https://boxd.it/29CQ
2024-01-27,Persepolis,2007,https://boxd.it/27DC
2024-01-27,The Hunt,2012,https://boxd.it/3wEC
2024-01-27,Anatomy of a Fall,2023,https://boxd.it/yuDE
2024-01-28,Black Orpheus,1959,https://boxd.it/11PU
2024-01-31,Aftersun,2022,https://boxd.it/Arw0
2024-02-03,Three of Us,2022,https://boxd.it/DQmq
2024-02-06,Origin: Spirits of the Past,2006,https://boxd.it/1N48
2024-02-07,Skinamarink,2022,https://boxd.it/ByDO
2024-02-11,Dogma,1999,https://boxd.it/284e
2024-02-11,Perfect Days,2023,https://boxd.it/ATh8
2024-02-16,Barton Fink,1991,https://boxd.it/2aFQ
2024-02-17,Invincible,2022,https://boxd.it/F1Mc
2024-02-17,Buffalo '66,1998,https://boxd.it/1YC6
2024-02-17,Gameclock,2023,https://boxd.it/IAR8
2024-02-21,First Reformed,2017,https://boxd.it/go9C
2024-02-22,Chocolat,1988,https://boxd.it/Y7g
2024-02-23,Dead Man's Shoes,2004,https://boxd.it/1R6C
2024-02-23,Papillon,1973,https://boxd.it/22kK
2024-02-23,Nobody Knows,2004,https://boxd.it/26E0
2024-02-23,Aimless Bullet,1961,https://boxd.it/2skQ
2024-02-23,Memories,1995,https://boxd.it/Vz2
2024-02-23,Memories of Murder,2003,https://boxd.it/1TSo
2024-02-23,Solaris,1972,https://boxd.it/2a2Y
2024-02-24,Ri,2023,https://boxd.it/Jcc8
2024-02-25,"As Above, So Below",2014,https://boxd.it/7yui
2024-02-25,About Elly,2009,https://boxd.it/18Ry
2024-02-28,Vagabond,1985,https://boxd.it/T0u
2024-02-28,Le Bonheur,1965,https://boxd.it/xyk
2024-02-28,Last Year at Marienbad,1961,https://boxd.it/24Qe
2024-03-02,A Woman Under the Influence,1974,https://boxd.it/1myg
2024-03-02,Opening Night,1977,https://boxd.it/1f4e
2024-03-02,The Long Goodbye,1973,https://boxd.it/281O
2024-03-02,Fallen Leaves,2023,https://boxd.it/Bgew
2024-03-03,Moving,1993,https://boxd.it/3RcO
2024-03-06,A Visitor to a Museum,1989,https://boxd.it/2wKe
2024-03-06,Talking Heads,1980,https://boxd.it/GSy
2024-03-07,Die Hard,1988,https://boxd.it/2a7u
2024-03-07,Dzhamilya,1969,https://boxd.it/4Hys
2024-03-07,Biutiful,2010,https://boxd.it/OiI
2024-03-11,After Yang,2021,https://boxd.it/lx5a
2024-03-11,Ashes and Snow,2005,https://boxd.it/1E36
2024-03-12,Godland,2022,https://boxd.it/Ag9E
2024-03-14,Happiness,1998,https://boxd.it/1VEe
2024-03-14,Storytelling,2001,https://boxd.it/1JYm
2024-03-14,Adaptation.,2002,https://boxd.it/26mA
2024-03-15,The 400 Blows,1959,https://boxd.it/2b1C
2024-03-20,The Vanishing,1988,https://boxd.it/1ZTW
2024-03-20,Kummatty,1979,https://boxd.it/7yMw
2024-03-25,Eyes Without a Face,1960,https://boxd.it/1j9i
2024-03-26,Certified Copy,2010,https://boxd.it/IMW
2024-03-30,Gokusen: The Movie,2009,https://boxd.it/2HKO
2024-03-31,Pleasantville,1998,https://boxd.it/26uY
2024-04-01,A Tale of Springtime,1990,https://boxd.it/1pZ0
2024-04-02,Urotsukidōji: Legend of the Overfiend,1989,https://boxd.it/I1c
2024-04-03,Funeral Parade of Roses,1969,https://boxd.it/28Cg
2024-04-07,Manjummel Boys,2024,https://boxd.it/EtUc
2024-04-07,Kingdom of Heaven,2005,https://boxd.it/28Gs
2024-04-08,Lights Out,2010,https://boxd.it/j4A
2024-04-11,L.A. Confidential,1997,https://boxd.it/27oC
2024-04-12,The Double Life of Véronique,1991,https://boxd.it/28va
2024-04-13,A Summer's Tale,1996,https://boxd.it/183e
2024-04-19,Anantaram,1987,https://boxd.it/8m3G
2024-04-21,Escaflowne: The Movie,2000,https://boxd.it/1Joo
2024-05-07,My Sassy Girl,2001,https://boxd.it/1Ury
2024-05-18,Freddy Got Fingered,2001,https://boxd.it/1QGk
2024-05-20,The Substance,2024,https://boxd.it/zanS
2024-05-23,Strangers on a Train,1951,https://boxd.it/29tk
2024-05-23,Rear Window,1954,https://boxd.it/2a6Q
2024-05-24,Vitalina Varela,2019,https://boxd.it/gMWo
2024-05-24,In Vanda's Room,2000,https://boxd.it/36r8
2024-05-27,American History X,1998,https://boxd.it/2bdo
2024-05-30,Cemetery Man,1994,https://boxd.it/1BES
2024-05-31,Like Stars on Earth,2007,https://boxd.it/20SA
2024-05-31,The Swimmer,1968,https://boxd.it/1ffG
2024-05-31,Dog Star Man,1965,https://boxd.it/eQCS
2024-06-01,Bab'Aziz,2005,https://boxd.it/Ouk
2024-06-01,Kagero-za,1981,https://boxd.it/3IYY
2024-06-05,Thirteen,2003,https://boxd.it/1UPK
2024-06-06,I Am Trying to Break Your Heart: A Film About Wilco,2002,https://boxd.it/1OkQ
2024-06-06,Le Petit Soldat,1963,https://boxd.it/CRm
2024-06-08,The Dirties,2013,https://boxd.it/4ZGa
2024-06-10,Control Tower,2011,https://boxd.it/3lI4
2024-06-11,Speed Racer,2008,https://boxd.it/20UQ
2024-06-13,Southland Tales,2006,https://boxd.it/23Uu
2024-06-14,Raw,2016,https://boxd.it/dLd2
2024-06-20,Tetsuo: The Iron Man,1989,https://boxd.it/ZoM
2024-06-20,Threads,1984,https://boxd.it/1I0g
2024-06-22,Falling Down,1993,https://boxd.it/194M
2024-06-25,Red Hot Shot,1970,https://boxd.it/5HVy
2024-06-25,Wild Japan: Snow Monkeys,2014,https://boxd.it/a4oU
2024-06-29,The French Connection,1971,https://boxd.it/296g
2024-07-09,The Taste of Tea,2004,https://boxd.it/1Mse
2024-07-09,Liverleaf,2018,https://boxd.it/hZDm
2024-07-09,Drowning Love,2016,https://boxd.it/es3k
2024-07-10,After the Storm,2016,https://boxd.it/d0HY
2024-07-10,Y Tu Mamá También,2001,https://boxd.it/28QM
2024-07-15,A Moment of Romance,1990,https://boxd.it/2PLU
2024-07-15,The Man Who Stole the Sun,1979,https://boxd.it/igK
2024-07-15,The Youth Killer,1976,https://boxd.it/3lCg
2024-07-21,Unleashed,2005,https://boxd.it/1Xgy
2024-07-23,Maborosi,1995,https://boxd.it/1G9U
2024-07-24,"Crouching Tiger, Hidden Dragon",2000,https://boxd.it/2b1M
2024-07-24,Game of Death,1978,https://boxd.it/1Qpe
2024-07-24,Fist of Fury,1972,https://boxd.it/1TaG
2024-07-30,Sansho the Bailiff,1954,https://boxd.it/1Dkq
2024-07-30,The Human Condition I: No Greater Love,1959,https://boxd.it/1jAy
2024-07-30,Judgment at Nuremberg,1961,https://boxd.it/29xc
2024-07-31,See Heaven,1995,https://boxd.it/53RQ
2024-07-31,Sun on the Horizon,1996,https://boxd.it/53Rw
2024-08-05,Mind Game,2004,https://boxd.it/1Bv2
2024-08-20,Ryuichi Sakamoto: Coda,2017,https://boxd.it/gZV4
2024-08-20,Ichi the Killer,2001,https://boxd.it/1Y1O
2024-08-23,How to Make Millions Before Grandma Dies,2024,https://boxd.it/FLa4
2024-08-29,The Heartbreak Kid,1972,https://boxd.it/11aM
2024-09-06,Brother Bear,2003,https://boxd.it/1Xjs
2024-09-06,Letter from a Yellow Cherry Blossom,2002,https://boxd.it/7FYE
2024-09-07,Cloud,2024,https://boxd.it/LhR0
2024-09-11,Tekkonkinkreet,2006,https://boxd.it/1Pui
2024-09-12,Into the Wild,2007,https://boxd.it/22m2
2024-09-13,Hearts of Darkness: A Filmmaker's Apocalypse,1991,https://boxd.it/24ai
2024-09-17,Can Dialectics Break Bricks?,1973,https://boxd.it/1jjs
2024-09-18,The Night of the Hunter,1955,https://boxd.it/25HW
2024-09-18,Underground,1995,https://boxd.it/1SOA
2024-09-18,Woman in the Dunes,1964,https://boxd.it/1JNS
2024-09-20,Cabaret,1972,https://boxd.it/1Vpe
2024-09-22,Possession,1981,https://boxd.it/1BPm
2024-10-13,Party,1984,https://boxd.it/4gSA
2024-10-18,Caught by the Tides,2024,https://boxd.it/GZ4Q
2024-10-18,28 Days Later,2002,https://boxd.it/2aXU
2024-10-21,Funny Games,1997,https://boxd.it/1WKM
2024-10-23,Universal Language,2024,https://boxd.it/BlwA
2024-10-25,Austin Powers in Goldmember,2002,https://boxd.it/29xG
2024-10-25,A Scene at the Sea,1991,https://boxd.it/1z10
2024-10-31,My Chemical Romance: Life on the Murder Scene,2006,https://boxd.it/2RBs
2024-10-31,Mars Express,2023,https://boxd.it/lATC
2024-11-01,The Tale of Zatoichi,1962,https://boxd.it/1JMq
2024-11-02,This Is England,2006,https://boxd.it/1T44
2024-11-06,The Tokyo Night Sky Is Always the Densest Shade of Blue,2017,https://boxd.it/fzny
2024-11-15,Submarine,2010,https://boxd.it/H4a
2024-11-17,Lilya 4-ever,2002,https://boxd.it/1SyW
2024-12-13,Le Samouraï,1967,https://boxd.it/22ZI
2024-12-22,The Brutalist,2024,https://boxd.it/k4BO
2024-12-23,Jarhead,2005,https://boxd.it/70m
2025-01-10,Conflagration,1958,https://boxd.it/3m8Q
2025-01-10,"Welcome Back, Mr. McDonald",1997,https://boxd.it/3u5q
2025-01-10,Suite Dreams,2006,https://boxd.it/3MrE
2025-01-10,The Scent of Green Papaya,1993,https://boxd.it/1EWq
2025-01-10,Boy,1969,https://boxd.it/3xKQ
2025-01-13,Flic,2005,https://boxd.it/9POy
2025-01-13,Infernal Affairs,2002,https://boxd.it/1Vqw
2025-01-14,The Piano Teacher,2001,https://boxd.it/2886
2025-01-17,On the Silver Globe,1988,https://boxd.it/1sAM
2025-01-22,Route29,2024,https://boxd.it/PIW0
2025-01-28,"I'm a Cyborg, But That's OK",2006,https://boxd.it/2328
2025-01-31,The Glamorous Life of Sachiko Hanai,2003,https://boxd.it/2rqI
2025-02-11,Easy A,2010,https://boxd.it/17DK
2025-02-12,We Bought a Zoo,2011,https://boxd.it/2AU8
2025-02-13,Drive My Car,2021,https://boxd.it/sv94
2025-02-13,The Devil's Advocate,1997,https://boxd.it/286k
2025-02-16,Soundtrack to a Coup d'Etat,2024,https://boxd.it/K5gk
2025-02-19,La Notte,1961,https://boxd.it/10iU
2025-02-20,Onibaba,1964,https://boxd.it/252a
2025-02-20,Green Snake,1993,https://boxd.it/12Vk
2025-02-20,Woman in Chains,1968,https://boxd.it/2tnc
2025-02-20,Nostos: The Return,1989,https://boxd.it/70sM
2025-02-21,Aadukalam,2011,https://boxd.it/2elq
2025-02-21,Pulse,2001,https://boxd.it/1s3y
2025-02-21,Legend of the Eight Samurai,1983,https://boxd.it/Ko8
2025-02-22,Chorus,1974,https://boxd.it/4LJu
2025-02-22,Calcutta 71,1972,https://boxd.it/7LnO
2025-02-23,Event Horizon,1997,https://boxd.it/20d8
2025-02-23,Oasis,2002,https://boxd.it/1sO0
2025-02-24,August in the Water,1995,https://boxd.it/3xQE
2025-02-26,La Chimera,2023,https://boxd.it/vzVi
2025-02-26,Once Upon a Time in America,1984,https://boxd.it/2aCs
2025-02-26,Neo Tokyo,1987,https://boxd.it/18ls
2025-02-27,tokyo.sora,2002,https://boxd.it/48ia
2025-03-07,Why Has Bodhi-Dharma Left for the East?,1989,https://boxd.it/aQg
2025-03-07,Persona,1966,https://boxd.it/29B4
2025-03-11,The Man from Earth,2007,https://boxd.it/1Ql2
2025-03-12,"Me, Myself & Irene",2000,https://boxd.it/27nY
2025-03-14,Burning,2018,https://boxd.it/hHUa
2025-03-20,A Matter of Life and Death,1946,https://boxd.it/1q6K
2025-03-20,American Beauty,1999,https://boxd.it/71Y
2025-03-24,Spriggan,1998,https://boxd.it/1JHU
2025-03-24,Ninja Scroll,1993,https://boxd.it/1Ooe
2025-03-24,Vampire Hunter D,1985,https://boxd.it/1YCg
2025-03-26,A River Called Titas,1973,https://boxd.it/3fUo
2025-03-26,The Golden Thread,1965,https://boxd.it/33HM
2025-03-27,Mississippi Masala,1991,https://boxd.it/Ywg
2025-03-28,Himiko,1974,https://boxd.it/34d4
2025-03-28,Strange Days,1995,https://boxd.it/2aGO
2025-03-28,Point Break,1991,https://boxd.it/2958
2025-03-29,Airplane!,1980,https://boxd.it/29yu
2025-04-04,The Illiac Passion,1967,https://boxd.it/7Ql4
2025-04-04,Chinatown,1974,https://boxd.it/29vU
2025-04-04,Black Rain,1989,https://boxd.it/5DMs
2025-04-05,The Assassin,2015,https://boxd.it/7rdE
2025-04-05,Big World,2024,https://boxd.it/MKSS
2025-04-06,Titicut Follies,1967,https://boxd.it/ZVc
2025-04-06,High School,1968,https://boxd.it/gkK
2025-04-06,"Menus-Plaisirs, les Troisgros",2023,https://boxd.it/EJRS
2025-04-09,Nina Wu,2019,https://boxd.it/lXAI
2025-04-10,Heathers,1989,https://boxd.it/26x4
2025-04-11,Sons of the Neon Night,2025,https://boxd.it/hc3k
2025-04-13,They Call Me Trinity,1970,https://boxd.it/1YNe
2025-04-15,Mai-chan's Daily Life,2014,https://boxd.it/cWII
2025-04-16,Suicide Club,2001,https://boxd.it/1RkY
2025-04-17,Himizu,2011,https://boxd.it/3oFs
2025-04-18,Arakimentari,2004,https://boxd.it/3AIo
2025-04-19,Happyend,2024,https://boxd.it/rnUa
2025-04-19,The Koumiko Mystery,1965,https://boxd.it/4y1k
2025-04-20,Killer of Sheep,1978,https://boxd.it/1rPc
2025-04-20,The Lonely Woman,1973,https://boxd.it/8DnI
2025-04-20,A Big Bold Beautiful Journey,2025,https://boxd.it/Lcle
2025-04-20,Caught Stealing,2025,https://boxd.it/LnyS
2025-04-23,The Dawn Wall,2017,https://boxd.it/hCP0
2025-04-24,Magazine Dreams,2023,https://boxd.it/tv1w
2025-04-27,Vanilla Sky,2001,https://boxd.it/27TK
2025-04-30,The Shout,1978,https://boxd.it/JcU
2025-05-01,The Mastermind,2025,https://boxd.it/Q7ge
2025-05-02,Violent Streets,1974,https://boxd.it/MUq
2025-05-02,Chime,2024,https://boxd.it/KiS2
2025-05-03,The Man Who Shot Liberty Valance,1962,https://boxd.it/1Tdg
2025-05-04,Brazil,1985,https://boxd.it/2be2
2025-05-06,Notre Musique,2004,https://boxd.it/1u3g
2025-05-07,War and Peace,1967,https://boxd.it/1nRy
2025-05-11,Gangster No. 1,2000,https://boxd.it/1Wne
2025-05-11,Val,2021,https://boxd.it/vs5a
2025-05-12,Late Spring,1949,https://boxd.it/1DkK
2025-05-12,Stop Making Sense,1984,https://boxd.it/1ygo
2025-05-13,Memoria,2021,https://boxd.it/iwtE
2025-05-13,Belle de Jour,1967,https://boxd.it/29Uq
2025-05-13,The Discreet Charm of the Bourgeoisie,1972,https://boxd.it/2440
2025-05-13,Un Chien Andalou,1929,https://boxd.it/29Y8
2025-05-15,Platform,2000,https://boxd.it/2O0S
2025-05-15,Still Life,2006,https://boxd.it/26Tk
2025-05-16,Sound of Falling,2025,https://boxd.it/Km9K
2025-05-17,Nouvelle Vague,2025,https://boxd.it/LLLQ
2025-05-18,Hud,1963,https://boxd.it/1x4Q
2025-05-27,The Player,1992,https://boxd.it/1WlM
2025-05-29,Shall We Dance?,1996,https://boxd.it/1UhS
2025-06-02,The 36th Chamber of Shaolin,1978,https://boxd.it/1SXC
2025-06-02,World of Glory,1991,https://boxd.it/Sss
2025-06-03,Sadma,1983,https://boxd.it/utQ
2025-06-03,Moondram Pirai,1982,https://boxd.it/8lq
2025-06-04,Colorful,2010,https://boxd.it/4UG
2025-06-07,Peppermint Candy,1999,https://boxd.it/ZQc
2025-06-08,Purple Noon,1960,https://boxd.it/1WrU
2025-06-09,"Jeanne Dielman, 23, quai du Commerce, 1080 Bruxelles",1975,https://boxd.it/T18
2025-06-09,The Basics of Philosophy,,https://boxd.it/PFvA
2025-06-12,A Colt Is My Passport,1967,https://boxd.it/15la
2025-06-12,Weekend,1967,https://boxd.it/20Ac
2025-06-12,I Am Cuba,1964,https://boxd.it/1hUQ
2025-06-14,Love Jones,1997,https://boxd.it/1s3S
2025-06-14,Devil in a Blue Dress,1995,https://boxd.it/204A
2025-06-17,The Trial,1962,https://boxd.it/25Xg
2025-06-18,The Chinese Botanist's Daughters,2006,https://boxd.it/27Uo
2025-06-19,The Cranes Are Flying,1957,https://boxd.it/169Y
2025-06-19,Tokyo Fist,1995,https://boxd.it/Z2m
2025-06-21,Ali: Fear Eats the Soul,1974,https://boxd.it/2aRi
2025-06-22,The Insider,1999,https://boxd.it/1ZoE
2025-06-22,Shiver,2021,https://boxd.it/tZT4
2025-06-23,American Movie,1999,https://boxd.it/1Oty
2025-06-23,Symbiopsychotaxiplasm: Take One,1968,https://boxd.it/R6q
2025-06-23,Symbiopsychotaxiplasm: Take 2½,2005,https://boxd.it/R6g
2025-06-23,The Straight Story,1999,https://boxd.it/2ass
2025-06-23,Romy and Michele's High School Reunion,1997,https://boxd.it/1Yf2
2025-06-25,The Color of Paradise,1999,https://boxd.it/1JfG
2025-06-25,The Ballad of Narayama,1983,https://boxd.it/XI6
2025-06-26,Broadcast News,1987,https://boxd.it/1RxS
2025-06-27,Pinched,2012,https://boxd.it/ckck
2025-06-30,"A Girl, She Is 100%",1983,https://boxd.it/7DL4
2025-06-30,Aloners,2021,https://boxd.it/ujeK
2025-07-02,Hairpin Circus,1972,https://boxd.it/6m4U
2025-07-03,Super 8,2011,https://boxd.it/dVI
2025-07-03,Last and First Men,2020,https://boxd.it/kKi0
2025-07-05,One from the Heart,1982,https://boxd.it/ZJq
2025-07-06,Meet Joe Black,1998,https://boxd.it/2aEI
2025-07-07,I Saw the Devil,2010,https://boxd.it/FaK
2025-07-07,The Passenger,1975,https://boxd.it/1Y8q
2025-07-10,Lady Snowblood,1973,https://boxd.it/26Fi
2025-07-10,Rush,2013,https://boxd.it/3lyS
2025-07-14,Haru,1996,https://boxd.it/7Lo8
2025-07-14,Blissfully Yours,2002,https://boxd.it/LFu
2025-07-14,Summer Interlude,1951,https://boxd.it/KDC
2025-07-14,The Swimming Pool,1969,https://boxd.it/23BC
2025-07-16,Rabbits,2002,https://boxd.it/SaI
2025-07-16,Dark,2017,https://boxd.it/JZ98
2025-07-18,Burn After Reading,2008,https://boxd.it/23BW
2025-07-19,Empire Records,1995,https://boxd.it/1PY8
2025-07-22,She's Rain,1993,https://boxd.it/mMyy
2025-07-22,Patlabor: The Movie,1989,https://boxd.it/1NPe
2025-07-22,The Best of Me,2025,https://boxd.it/MOpU
2025-07-23,Ulysses' Gaze,1995,https://boxd.it/1ApC
2025-07-23,Landscape in the Mist,1988,https://boxd.it/JRy
2025-07-24,Under the Skin,2013,https://boxd.it/3mDa
2025-07-30,White Oleander,2002,https://boxd.it/1UUg
2025-08-01,Noroi: The Curse,2005,https://boxd.it/1BN6
2025-08-07,Irma Vep,1996,https://boxd.it/1vYs
2025-08-14,Anemone,2025,https://boxd.it/QxVi
2025-08-14,The Smashing Machine,2025,https://boxd.it/syUC
2025-08-16,Brakhage,1998,https://boxd.it/6rLE
2025-08-18,"Suddenly, Like a Storm",1977,https://boxd.it/jFBu
2025-08-19,"Help Me, Eros",2007,https://boxd.it/uyG
2025-08-20,Ashes and Diamonds,1958,https://boxd.it/23q0
2025-08-22,AlphaGo,2017,https://boxd.it/geTA
2025-08-23,The Fall,2006,https://boxd.it/1NoM
2025-08-23,Purple Rain,1984,https://boxd.it/1Pta
2025-08-23,Under the Cherry Moon,1986,https://boxd.it/1fGC
2025-08-23,Batman,1989,https://boxd.it/2aIU
2025-08-23,Girl 6,1996,https://boxd.it/cXS
2025-08-24,Run Lola Run,1998,https://boxd.it/2b8o
2025-08-25,Metal and Melancholy,1994,https://boxd.it/6qR2
2025-08-25,Yana-Wara,2023,https://boxd.it/HJAS
2025-08-25,Eternity,2017,https://boxd.it/ivDo
2025-08-26,100 Nights of Hero,2025,https://boxd.it/QbtG
2025-08-27,Hamnet,2025,https://boxd.it/woVy
2025-08-29,Death Becomes Her,1992,https://boxd.it/1YQi
2025-08-31,Bullet in the Head,1990,https://boxd.it/1SNs
2025-09-02,The Bitter Tears of Petra von Kant,1972,https://boxd.it/1WzE
2025-09-03,Bound,1996,https://boxd.it/1Z1g
2025-09-06,Castration Movie Anthology ii. The Best of Both Worlds,2025,https://boxd.it/VoSE
2025-09-20,Eternity and a Day,1998,https://boxd.it/1wSq
2025-09-22,Valentino,1977,https://boxd.it/Wui
2025-09-22,Wuthering Heights,1988,https://boxd.it/5nr4
2025-09-24,Silence,2016,https://boxd.it/2cAo
2025-09-24,The Last 10 Years,2022,https://boxd.it/x57m
2025-09-26,Spree,2020,https://boxd.it/oiiO
2025-09-27,SLC Punk,1998,https://boxd.it/21JY
2025-09-28,The Rose,1979,https://boxd.it/1KlA
2025-09-28,State of Grace,1990,https://boxd.it/28ms
2025-09-29,Dragon Inn,1967,https://boxd.it/3xGa
2025-09-30,A City of Sadness,1989,https://boxd.it/EIm
2025-09-30,The Novelist's Film,2022,https://boxd.it/yZX6
2025-09-30,"Right Now, Wrong Then",2015,https://boxd.it/bWs4
2025-10-02,Our Little Sister,2015,https://boxd.it/abBm
2025-10-02,Sans Soleil,1983,https://boxd.it/28B8
2025-10-04,Jerry Maguire,1996,https://boxd.it/1YNS
2025-10-07,Everybody Rides the Carousel,1976,https://boxd.it/6WPs
2025-10-11,Eat Drink Man Woman,1994,https://boxd.it/1Wem
2025-10-11,Identification of a Woman,1982,https://boxd.it/x2o
2025-10-11,Election 2,2006,https://boxd.it/1MRe
2025-10-11,A Normal Family,2023,https://boxd.it/AM2K
2025-10-11,Nymphomaniac: Vol. I,2013,https://boxd.it/7DiG
2025-10-11,Shock Treatment,1981,https://boxd.it/1qui
2025-10-11,The Innocents,1961,https://boxd.it/1KeY
2025-10-12,The Boxer's Omen,1983,https://boxd.it/Gx6
2025-10-13,The Fire Within: A Requiem for Katia and Maurice Krafft,2022,https://boxd.it/AUFg
2025-10-13,The Tragedy of Macbeth,2021,https://boxd.it/lMi4
2025-10-13,Holy Motors,2012,https://boxd.it/3wai
2025-10-14,Sympathy for Mr. Vengeance,2002,https://boxd.it/23WU
2025-10-14,A Tale of Two Sisters,2003,https://boxd.it/248m
2025-10-14,To Each His Own Cinema,2007,https://boxd.it/1bju
2025-10-14,La Dolce Vita,1960,https://boxd.it/2anC
2025-10-14,My Own Private Idaho,1991,https://boxd.it/2ak4
2025-10-14,Constantine,2005,https://boxd.it/2a7E
2025-10-15,Dead to Rights,2025,https://boxd.it/VMbO
2025-10-15,Anna Magdalena,1998,https://boxd.it/3VQe
2025-10-15,Stuart: A Life Backwards,2007,https://boxd.it/EAM
2025-10-16,WarGames,1983,https://boxd.it/29qU
2025-10-17,Three... Extremes,2004,https://boxd.it/1eGw
2025-10-17,Queen Margot,1994,https://boxd.it/1Wec
2025-10-17,Birth,2004,https://boxd.it/1VvQ
2025-10-18,Bronson,2008,https://boxd.it/1GM8
2025-10-18,Locke,2013,https://boxd.it/6hHC
2025-10-18,Heavenly Creatures,1994,https://boxd.it/2974
2025-10-19,One Fine Spring Day,2001,https://boxd.it/3jFC
2025-10-20,Looper,2012,https://boxd.it/ham
2025-10-21,The Devils,1971,https://boxd.it/1inI
2025-10-22,The Story of PuPu,1998,https://boxd.it/ccfA
2025-10-24,Soulmate,2023,https://boxd.it/mQQQ
2025-10-24,The Phantom of the Opera,2004,https://boxd.it/1XHu
2025-10-24,Street Fighter II: The Animated Movie,1994,https://boxd.it/1RzO
2025-10-25,Whisper of the Heart,1995,https://boxd.it/17uy
2025-10-25,Antenna,2003,https://boxd.it/5mR6
2025-10-25,Broken,1993,https://boxd.it/UPtu
2025-10-26,Tokyo-Ga,1985,https://boxd.it/2DyE
2025-10-26,Buena Vista Social Club,1999,https://boxd.it/1T6E
2025-10-26,The Message,1976,https://boxd.it/1t3E
2025-10-26,The Message,1976,https://boxd.it/xg6E
2025-10-28,Last Film Show,2021,https://boxd.it/uWQy
2025-10-29,Franz Kafka's a Country Doctor,2007,https://boxd.it/2vWS
2025-10-29,Paris Is Burning,1990,https://boxd.it/1jzg
2025-10-30,Short Vacation,2020,https://boxd.it/rSDa
2025-10-30,In the Mouth of Madness,1994,https://boxd.it/26vi
2025-10-30,Psychic School Wars,2012,https://boxd.it/4nRE
2025-10-31,L'Atalante,1934,https://boxd.it/ThU
2025-11-01,Revolutionary Road,2008,https://boxd.it/24Le
2025-11-02,Naked,1993,https://boxd.it/1BT4
2025-11-02,Beau Travail,1999,https://boxd.it/1NI8
2025-11-03,Love Massacre,1981,https://boxd.it/5xXk
2025-11-03,Forget Me Not,2015,https://boxd.it/b0Uk
2025-11-03,My Heart Is That Eternal Rose,1989,https://boxd.it/2HHA
2025-11-03,Kisapmata,1981,https://boxd.it/6sRo
2025-11-03,The Lunchbox,2013,https://boxd.it/5MOs
2025-11-04,BAD FILM,2012,https://boxd.it/6cko
2025-11-04,Love Untangled,2025,https://boxd.it/Qfao
2025-11-06,Cyclo,1995,https://boxd.it/1aX4
2025-11-07,Crows Zero,2007,https://boxd.it/1N4i
2025-11-07,"Aguirre, the Wrath of God",1972,https://boxd.it/27Fe
2025-11-07,March Comes In Like a Lion,1991,https://boxd.it/5DfI
2025-11-08,Year of the Dragon,1985,https://boxd.it/1UQy
2025-11-08,Black Sun,1964,https://boxd.it/3JQm
2025-11-09,Nam June Paik: Moon Is the Oldest TV,2023,https://boxd.it/ywfa
2025-11-11,Dust of Life,2006,https://boxd.it/3nmu
2025-11-12,Pastoral: To Die in the Country,1974,https://boxd.it/3xEI
2025-11-13,"Comrades, Almost a Love Story",1996,https://boxd.it/18QU
2025-11-14,Postman Blues,1997,https://boxd.it/1b3m
2025-11-16,Pyaasa,1957,https://boxd.it/10iq
2025-11-16,Vada Chennai,2018,https://boxd.it/esfK
2025-11-16,Manic,2001,https://boxd.it/1MOE
2025-11-17,Jetty,2024,https://boxd.it/PF7o
2025-11-17,Kagemusha,1980,https://boxd.it/1SGG
2025-11-17,Z,1969,https://boxd.it/26pY
2025-11-18,"O-Bi, O-Ba: The End of Civilization",1985,https://boxd.it/2pHW
2025-11-18,Thunder,1982,https://boxd.it/8yjc
2025-11-19,Magellan,2025,https://boxd.it/APTM
2025-11-19,Jibon Theke Neya,1970,https://boxd.it/3fUI
2025-11-19,My Friend Rashed,2011,https://boxd.it/3gsq
2025-11-22,Mother Mary,2026,https://boxd.it/FILw
2025-11-22,Kokuho,2025,https://boxd.it/R6yo
2025-11-25,Lost and Found,1996,https://boxd.it/3Vt0
2025-11-28,Sacrifice,2025,https://boxd.it/MYLc
2025-11-30,Riceboy Sleeps,2022,https://boxd.it/C68A
2025-11-30,The Lovers on the Bridge,1991,https://boxd.it/26li
2025-12-04,My Father's Shadow,2025,https://boxd.it/T1a6
2025-12-07,18×2 Beyond Youthful Days,2024,https://boxd.it/J4Lk
2025-12-09,La Chinoise,1967,https://boxd.it/28rC
2025-12-09,Dead Man's Wire,2025,https://boxd.it/M8wu
2025-12-09,Lovers' Concerto,2002,https://boxd.it/uxI
2025-12-09,TO-Y,1987,https://boxd.it/b40g
2025-12-09,Fuck Cinema,2004,https://boxd.it/6Tci
2025-12-09,Israel Palestine on Swedish TV 1958-1989,2024,https://boxd.it/Oo1G
2025-12-09,The Black Power Mixtape 1967-1975,2011,https://boxd.it/2ypM
2025-12-11,Better Days,2019,https://boxd.it/l9Ke
2025-12-11,Once Upon a Time in Harlem,2026,https://boxd.it/ZsJa
2025-12-12,The Voice of Hind Rajab,2025,https://boxd.it/UXdO
2025-12-13,An Elephant Sitting Still,2018,https://boxd.it/i1EQ
2025-12-14,The President's Cake,2025,https://boxd.it/UhSA
2025-12-14,The End of the Tour,2015,https://boxd.it/7jIE
2025-12-16,Brick,2005,https://boxd.it/1Z6A
2025-12-16,Quiet Flows The River Rupsa,2020,https://boxd.it/yTdm
2025-12-16,Curtain Call,1984,https://boxd.it/fhUE
2025-12-16,The Kung Fu Kids,1986,https://boxd.it/1Jh8
2025-12-16,The Kung Fu Kids II,1986,https://boxd.it/7YwE
2025-12-16,It Was Just an Accident,2025,https://boxd.it/TX2k
2025-12-16,Farewell My Concubine,1993,https://boxd.it/1UTM
2025-12-16,Wild at Heart,1990,https://boxd.it/2aii
2025-12-16,"sex, lies, and videotape",1989,https://boxd.it/28Oc
2025-12-17,Koyaanisqatsi,1982,https://boxd.it/1U9E
2025-12-17,The Shrouds,2024,https://boxd.it/AEZa
2025-12-17,Little Forest,2018,https://boxd.it/fYHI
2025-12-17,The Gay Deceivers,1969,https://boxd.it/69qI
2025-12-19,Hero,2002,https://boxd.it/2bcq
2025-12-19,To Live,1994,https://boxd.it/1j6S
2025-12-20,Heavy Snow,2023,https://boxd.it/FMRI
2025-12-20,Raise the Red Lantern,1991,https://boxd.it/1WlC
2025-12-21,All That Heaven Allows,1955,https://boxd.it/UNi
2025-12-22,One Million Yen Girl,2008,https://boxd.it/2h5K
2025-12-26,The World of Love,2025,https://boxd.it/Ohfm
2025-12-26,Yellow Earth,1984,https://boxd.it/3fGG
2025-12-26,Melancholia,2008,https://boxd.it/62uy
2025-12-27,"Spring, Summer, Fall, Winter... and Spring",2003,https://boxd.it/2b6W
2025-12-30,Hamlet,2000,https://boxd.it/1VDq
2025-12-31,Love Story,1970,https://boxd.it/1Zgg
2026-01-03,Léon: The Professional,1994,https://boxd.it/2b8S
